caotw,contacts,print_phone,print_click,views
0,0.465589437903345,0.8302872062663186,2.298044238632445,274.5794866742204
1,1.8952380952380952,2.780952380952381,1.980952380952381,733.8095238095239
