dealer,package_id,contacts,print_phone,print_click
0,51,1.072098976109215,1.3562286689419796,1.930887372013652
0,53,1.9540229885057472,4.015325670498084,1.3946360153256705
0,54,2.0182648401826486,3.3881278538812785,1.417047184170472
0,63,1.3429844097995545,2.7260579064587973,1.017817371937639
1,52,0.1575706689056815,0.42233417296389586,0.9826476350405822
1,57,0.308288409703504,0.508423180592992,3.164757412398922
1,61,0.3137089102631857,0.6420040164887433,2.6491914173977382
1,70,0.36468885672937773,0.5455861070911722,3.777134587554269
