hppremium,contacts,print_phone,print_click,views
0,0.4723393820500245,0.8383030897498774,2.297008337420304,276.655615497793
1,1.3571428571428572,3.7857142857142856,1.4285714285714286,695.0714285714286
